Syntax,Language,Library / Context,Meaning,Use Case,Notes,Example Problem,Example Answer,Input Example,Output Example
.,Python,re,Matches any single character except a newline by default,Match one unknown character in a fixed pattern,With DOTALL mode it can also match newlines,Find a three-letter pattern starting with a and ending with c,"re.search(r""a.c"", text).group()","import re; text = ""abc adc a\nc""",abc
[],Python,re,Matches one character from a specified set,Match one character from several allowed options,Inside brackets most metacharacters lose their special meaning,Match the first vowel,"re.search(r""[aeiou]"", text).group()","import re; text = ""sky apple""",a
[^],Python,re,Matches one character not in the specified set,Exclude specific characters from a match,^ negates only when it appears at the start inside brackets,Match the first non-digit character,"re.search(r""[^\d]"", text).group()","import re; text = ""123a45""",a
-,Python,re,Defines a range inside a character class,Match characters within a continuous span of values,Usually special only inside brackets,Match the first lowercase letter from a mixed string,"re.search(r""[a-z]"", text).group()","import re; text = ""123Bz""",z
^,Python,re,Matches the start of the string,Require a pattern to appear at the beginning,In MULTILINE mode it also matches the start of each line,Check whether a string starts with ID,"re.search(r""^ID"", text).group()","import re; text = ""ID-204""",ID
$,Python,re,Matches the end of the string,Require a pattern to appear at the end,In MULTILINE mode it also matches before each line break,Check whether a filename ends with .csv,"re.search(r"".csv$"", text).group()","import re; text = ""report.csv""",.csv
\A,Python,re,Matches only the absolute start of the string,Anchor a pattern to the true beginning,Unlike ^ it is not affected by MULTILINE mode,Match a greeting only at the very beginning,"re.search(r""\AHello"", text).group()","import re; text = ""Hello world\nHello again""",Hello
\Z,Python,re,Matches only the absolute end of the string,Anchor a pattern to the true end,Unlike $ it is not affected by MULTILINE mode,Match DONE only if it appears at the very end,"re.search(r""DONE\Z"", text).group()","import re; text = ""task DONE""",DONE
\b,Python,re,Matches a word boundary,Match a whole word without matching it inside another word,A word boundary is the position between word and non-word characters,Find the standalone word cat,"re.search(r""\bcat\b"", text).group()","import re; text = ""a cat scatters""",cat
\B,Python,re,Matches a position that is not a word boundary,Match text only when it appears inside a larger word,Useful when you want to avoid whole-word matches,Find cat only when embedded inside another word,"re.search(r""\Bcat\B"", text).group()","import re; text = ""scatman cat scatters""",cat
\d,Python,re,Matches any digit character,Find numbers in text,Equivalent to [0-9] in ASCII-style usage,Extract the first number from a string,"re.search(r""\d+"", text).group()","import re; text = ""Order 123 shipped""",123
\D,Python,re,Matches any non-digit character,Find the first character that is not a number,Opposite of \d,Extract the first non-digit after a numeric prefix,"re.search(r""\D+"", text).group()","import re; text = ""123abc""",abc
\w,Python,re,Matches a word character such as letters digits or underscore,Match identifiers or simple word-like tokens,Commonly treated like [A-Za-z0-9_] for many examples,Extract the first username-like token,"re.search(r""\w+"", text).group()","import re; text = ""user_42 logged in""",user_42
\W,Python,re,Matches a non-word character,Find punctuation or separators,Opposite of \w,Extract the first punctuation mark,"re.search(r""\W+"", text).group()","import re; text = ""hello!world""",!
\s,Python,re,Matches a whitespace character,Find spaces tabs or newlines,Useful for flexible spacing in patterns,Extract the first run of whitespace,"re.search(r""\s+"", text).group()","import re; text = ""a \t b""", \t 
\S,Python,re,Matches a non-whitespace character,Find visible text while skipping spaces,Opposite of \s,Extract the first non-space token,"re.search(r""\S+"", text).group()","import re; text = ""   alpha beta""",alpha
*,Python,re,Matches zero or more repetitions of the preceding pattern,Allow a pattern to repeat any number of times,Greedy by default,Match repeated digits at the start of a string,"re.search(r""\d*"", text).group()","import re; text = ""123abc""",123
+,Python,re,Matches one or more repetitions of the preceding pattern,Require at least one occurrence,Greedy by default,Match a full run of digits,"re.search(r""\d+"", text).group()","import re; text = ""abc12345def""",12345
?,Python,re,Makes the preceding pattern optional or marks a quantifier as lazy in combined forms,Allow one optional character,By itself after a token it means zero or one occurrence,Match both color and colour,"re.search(r""colou?r"", text).group()","import re; text = ""colour palette""",colour
{n},Python,re,Matches exactly n repetitions of the preceding pattern,Require a fixed number of repeated characters,Works with single tokens or grouped patterns,Match exactly three digits,"re.search(r""\d{3}"", text).group()","import re; text = ""code 1234""",123
"{n,}",Python,re,Matches at least n repetitions of the preceding pattern,Require a minimum repetition count,The match is greedy by default,Match a number with at least two digits,"re.search(r""\d{2,}"", text).group()","import re; text = ""a 7 and 890""",890
"{n,m}",Python,re,Matches between n and m repetitions of the preceding pattern,Allow a controlled repetition range,The match is greedy by default,Match a run of two to four digits,"re.search(r""\d{2,4}"", text).group()","import re; text = ""id 12345""",1234
*?,Python,re,Matches zero or more repetitions as few times as possible,Make a star quantifier non-greedy,Useful for shortest-match extraction,Extract the first HTML-like tag only,"re.search(r""<.*?>"", text).group()","import re; text = ""<a>text</a>""",<a>
+?,Python,re,Matches one or more repetitions as few times as possible,Make a plus quantifier non-greedy,Still requires at least one occurrence,Extract the shortest quoted string content with delimiters,"re.search(r'"".+?""', text).group()","import re; text = 'say ""hi"" then ""bye""'","""hi"""
??,Python,re,Makes an optional pattern lazy,Prefer the shorter optional match,Less common than *? or +? but valid,Match the shorter optional u form,"re.search(r""colou??r"", text).group()","import re; text = ""color colour""",color
"{n,m}?",Python,re,Makes a bounded repetition lazy,Prefer the smallest repetition count within the allowed range,Useful when a range would otherwise overmatch,Match the shortest run of two to four digits,"re.search(r""\d{2,4}?"", text).group()","import re; text = ""value 12345""",12
(),Python,re,Groups part of a pattern and captures the matched text,Extract a specific subpart of a larger match,Captured groups can be accessed with group numbers,Extract the area code from a phone number,"re.search(r""((\d{3}))"", text).group(1)","import re; text = ""Call (206) 555-0100""",206
(?:),Python,re,Groups part of a pattern without capturing it,Group alternatives or repeated units without creating a numbered group,Useful when structure matters but you do not need to retrieve the group,Match repeated abc as one block,"re.search(r""(?:abc){2}"", text).group()","import re; text = ""xxabcabczz""",abcabc
|,Python,re,Matches one alternative or another,Match one of several possible patterns,Alternation is tried from left to right,Find either cat or dog in text,"re.search(r""cat|dog"", text).group()","import re; text = ""I saw a dog today""",dog
\1,Python,re,Refers to the text captured by group 1,Match repeated text using a previous capture,Backreferences depend on an earlier capturing group,Find a repeated word,"re.search(r""(\w+)\s+\1"", text).group()","import re; text = ""bye bye now""",bye bye
(?P<name>),Python,re,Creates a named capturing group,Give a captured pattern a readable name,Named groups can still be accessed like normal groups,Extract a year using a named group,"re.search(r""(?P<year>\d{4})"", text).group(""year"")","import re; text = ""Born 2003""",2003
(?P=name),Python,re,Refers to a previously captured named group,Match repeated text using a named backreference,Works like \1 but uses the group name,Find a repeated named word,"re.search(r""(?P<word>\w+)\s+(?P=word)"", text).group()","import re; text = ""go go stop""",go go
(?=),Python,re,Asserts that a pattern follows without consuming it,Require following context without including it in the match,This is a positive lookahead assertion,Match a number only if it is followed by USD,"re.search(r""\d+(?= USD)"", text).group()","import re; text = ""Price 50 USD""",50
(?!),Python,re,Asserts that a pattern does not follow without consuming it,Exclude matches based on following context,This is a negative lookahead assertion,Match cat only when it is not followed by s,"re.search(r""cat(?!s)"", text).group()","import re; text = ""one cat two cats""",cat
{outer_key: {inner_key: inner_value for inner_item in inner_iterable} for outer_item in outer_iterable},Python,built-in,Nested dict comprehension,Build nested lookup mappings,Inner dict created per outer key,"## Convert the below to a nested dict comprehension

result = {}

for col, vals in data.items():
    inner = {}
    for i, val in enumerate(vals):
        inner[val] = i
    result[col] = inner","result = {col: {val: i for i, val in enumerate(vals)} for col, vals in data.items()}","data = {'color': ['blue', 'red'], 'size': ['S', 'M']}","{'color': {'blue': 0, 'red': 1}, 'size': {'S': 0, 'M': 1}}"
[expr for item in iterable],Python,built-in,List comprehension,Transform every item in a sequence into a new list,Expression comes before for,"## Convert the below to a list comprehension

result = []

for x in nums:
    result.append(x**2)",result = [x**2 for x in nums],"nums = [1, 2, 3, 4]","[1, 4, 9, 16]"
[expr for item in iterable if condition],Python,built-in,List comprehension with filter,Filter items while creating a new list,If at end filters and has no else,"## Convert the below to a list comprehension with filter

result = []

for x in nums:
    if x % 2 == 0:
        result.append(x)",result = [x for x in nums if x % 2 == 0],"nums = [1, 2, 3, 4, 5, 6]","[2, 4, 6]"
[true_expr if condition else false_expr for item in iterable],Python,built-in,List comprehension with if-else,Replace or recode values while keeping list length,If-else goes before for,"## Convert the below to a list comprehension with if-else

result = []

for x in nums:
    if x % 2 == 0:
        result.append('even')
    else:
        result.append('odd')",result = ['even' if x % 2 == 0 else 'odd' for x in nums],"nums = [1, 2, 3, 4]","['odd', 'even', 'odd', 'even']"
[expr for outer_item in outer_iterable for inner_item in outer_item],Python,built-in,Nested list comprehension,Flatten a nested list into one list,For clauses follow loop order,"## Convert the below to a nested list comprehension

result = []

for row in matrix:
    for num in row:
        result.append(num)",result = [num for row in matrix for num in row],"matrix = [[1, 2], [3, 4]]","[1, 2, 3, 4]"
[expr for outer_item in outer_iterable for inner_item in outer_item if condition],Python,built-in,Nested list comprehension with filter,Flatten nested data while filtering values,If applies to inner loop,"## Convert the below to a nested list comprehension with filter

result = []

for row in matrix:
    for num in row:
        if num > 0:
            result.append(num)",result = [num for row in matrix for num in row if num > 0],"matrix = [[1, -2], [3, 0]]","[1, 3]"
[true_expr if condition else false_expr for outer_item in outer_iterable for inner_item in outer_item],Python,built-in,Nested list comprehension with if-else,Flatten nested data and replace values conditionally,If-else transforms values,"## Convert the below to a nested list comprehension with if-else

result = []

for row in matrix:
    for num in row:
        if num > 0:
            result.append(num)
        else:
            result.append(0)",result = [num if num > 0 else 0 for row in matrix for num in row],"matrix = [[1, -2], [3, 0]]","[1, 0, 3, 0]"
{key_expr: value_expr for item in iterable},Python,built-in,Dict comprehension,Build a lookup dictionary from a sequence,Each loop creates key-value pair,"## Convert the below to a dict comprehension

result = {}

for name in names:
    result[name] = len(name)",result = {name: len(name) for name in names},"names = ['Ana', 'Leanne', 'Bo']","{'Ana': 3, 'Leanne': 6, 'Bo': 2}"
{key_expr: value_expr for item in iterable if condition},Python,built-in,Dict comprehension with filter,Filter items while building a dictionary,If filters entries,"## Convert the below to a dict comprehension with filter

result = {}

for item, count in inventory.items():
    if count > 0:
        result[item] = count","result = {item: count for item, count in inventory.items() if count > 0}","inventory = {'pen': 3, 'notebook': 0, 'bag': 2}","{'pen': 3, 'bag': 2}"
"[(expr1, expr2) for item in iterable for inner_item in inner_iterable]",Python,built-in,Nested list comprehension creating tuples,Keep context while flattening nested data,Outputs tuples,"## Convert the below to a nested list comprehension creating tuples

result = []

for i, row in enumerate(matrix):
    for num in row:
        result.append((i, num))","result = [(i, num) for i, row in enumerate(matrix) for num in row]","matrix = [[10, 20], [30, 40]]","[(0, 10), (0, 20), (1, 30), (1, 40)]"
"[{'column': col, 'value': val, 'encoding': enc} for col, inner in mapping.items() for val, enc in inner.items()]",Python,built-in,Nested list comprehension creating dictionaries,Flatten nested dictionary mappings into row-like records for tabular data,Each iteration produces one dictionary representing a row,"## Convert the below to a nested list comprehension creating dictionaries

result = []

for col, inner in mapping.items():
    for val, enc in inner.items():
        result.append({'column': col, 'value': val, 'encoding': enc})","result = [{'column': col, 'value': val, 'encoding': enc} for col, inner in mapping.items() for val, enc in inner.items()]","mapping = {'color': {'red': 0, 'blue': 1}, 'size': {'S': 0, 'M': 1}}","[{'column': 'color', 'value': 'red', 'encoding': 0}, {'column': 'color', 'value': 'blue', 'encoding': 1}, {'column': 'size', 'value': 'S', 'encoding': 0}, {'column': 'size', 'value': 'M', 'encoding': 1}]"
"f""...{expr}...""",Python,Python built-in syntax,Embeds expressions inside string literals using curly braces,Format dynamic strings with variables,Preferred modern formatting syntax,I need to include a variable inside a string,result = f'Hello {name}',name = 'Alice',Hello Alice
{value},Python,Python built-in syntax,Defines a placeholder for substitution in a format string,Mark positions where values will be inserted,Used with external formatting mechanisms,I need a placeholder for a variable in a string,result = '{name}',name = 'Alice',{name}
{:.2f},Python,Python built-in syntax,Specifies float precision to 2 decimal places,Control decimal formatting in output,Only applies when formatting is executed,I need to display a float with 2 decimals,result = '{:.2f}',value = 3.14159,{:.2f}
"{:,}",Python,Python built-in syntax,Specifies comma separator for large numbers,Improve readability of large numbers,Only applies when formatting is executed,I want commas in large numbers,"result = '{:,}'",num = 1000000,"{:,}"
{:>10},Python,Python built-in syntax,Right aligns content within width of 10,Align text output in columns,Padding depends on formatting execution,I need right aligned text,result = '{:>10}',text = 'hi',{:>10}
{:<10},Python,Python built-in syntax,Left aligns content within width of 10,Align text to left in fixed width,Padding applied during formatting,I need left aligned text,result = '{:<10}',text = 'hi',{:<10}
{:^10},Python,Python built-in syntax,Centers content within width of 10,Center text in fixed width display,Padding applied during formatting,I want centered text,result = '{:^10}',text = 'hi',{:^10}
{:0>5},Python,Python built-in syntax,Pads value with leading zeros to width 5,Format numeric identifiers with leading zeros,Only applies during formatting,I want ID-like formatting,result = '{:0>5}',num = 42,{:0>5}
{:.0%},Python,Python built-in syntax,Formats number as percentage with no decimals,Display ratios as percentages,Requires numeric input during formatting,I want to show percent,result = '{:.0%}',rate = 0.25,{:.0%}
...+...,Python,Python built-in syntax,Concatenates two strings using plus operator,Combine strings manually,Works only with string types,I want to combine two strings,result = first + second,first = 'Hello'; second = 'World',HelloWorld
"r""...""",Python,Python built-in syntax,Defines raw string literal where backslashes are not escaped,Work with regex or file paths,Backslashes are treated literally,I need to write a Windows path,result = r'C:\new\test',-,C:\new\test
...\n...,Python,Python built-in syntax,Represents newline character inside string,Create multi-line strings,Escape sequence must be interpreted,I want a line break in a string,result = 'Hello\nWorld',-,Hello\nWorld
...\t...,Python,Python built-in syntax,Represents tab character inside string,Indent or space text horizontally,Escape sequence must be interpreted,I want tab spacing,result = 'Hello\tWorld',-,Hello\tWorld
....split(),Python,Python built-in syntax,Splits string into list based on delimiter,Break string into parts,Returns list not string,I want to split words,result = text.split(),text = 'a b c',"['a','b','c']"
....replace(),Python,Python built-in syntax,Replaces substring with another substring,Modify parts of a string,Returns new string,I want to replace text,"result = text.replace('a','x')",text = 'abc',xbc
||,SQL,SQLite,Concatenates text values together.,Combine columns or string pieces into one formatted value.,Returns NULL if one side is NULL unless handled with COALESCE().,"I have first and last names in separate columns, and I need one full_name column.",SELECT first_name || ' ' || last_name AS full_name FROM customers;,"CREATE TABLE customers (first_name TEXT, last_name TEXT);\nINSERT INTO customers VALUES ('Mia', 'Chen');\nSELECT first_name || ' ' || last_name AS full_name FROM customers;",Mia Chen
DISTINCT,SQL,SQLite,Returns unique rows based on the selected expression or columns.,Remove duplicate values from query results.,"DISTINCT applies to the whole selected row, not just one column when multiple columns are selected.","I have repeated crime categories, and I need each category listed once.",SELECT DISTINCT category FROM crimes;,"CREATE TABLE crimes (category TEXT);\nINSERT INTO crimes VALUES ('THEFT'), ('THEFT'), ('ROBBERY');\nSELECT DISTINCT category FROM crimes;",THEFT\nROBBERY
DISTINCT ||,SQL,SQLite,Returns unique concatenated text values.,Create unique formatted labels from multiple text pieces.,"Concatenate first, then DISTINCT removes duplicate final strings.","I have repeated city and state values, and I need each location label once.","SELECT DISTINCT city || ', ' || state AS location FROM offices;","CREATE TABLE offices (city TEXT, state TEXT);\nINSERT INTO offices VALUES ('Seattle', 'WA'), ('Seattle', 'WA'), ('Austin', 'TX');\nSELECT DISTINCT city || ', ' || state AS location FROM offices;","Seattle, WA\nAustin, TX"
CASE WHEN ... THEN ... ELSE ... END,SQL,SQLite,Creates conditional output based on logical rules.,Turn values into readable categories or labels.,Always close CASE expressions with END.,"I have order totals, and I need to label each order as high or normal value.","SELECT order_id, CASE WHEN total >= 100 THEN 'high' ELSE 'normal' END AS value_label FROM orders;","CREATE TABLE orders (order_id INTEGER, total INTEGER);\nINSERT INTO orders VALUES (1, 120), (2, 45);\nSELECT order_id, CASE WHEN total >= 100 THEN 'high' ELSE 'normal' END AS value_label FROM orders;",1|high\n2|normal
CASE WHEN inside SELECT,SQL,SQLite,Places conditional logic directly in the output columns.,Create a calculated label while keeping the original rows.,"This changes display output, not the stored table values.","I have account statuses coded as A and I, and I need readable labels in my result.","SELECT user_id, CASE WHEN status = 'A' THEN 'active' ELSE 'inactive' END AS status_label FROM users;","CREATE TABLE users (user_id INTEGER, status TEXT);\nINSERT INTO users VALUES (1, 'A'), (2, 'I');\nSELECT user_id, CASE WHEN status = 'A' THEN 'active' ELSE 'inactive' END AS status_label FROM users;",1|active\n2|inactive
CASE WHEN inside ORDER BY,SQL,SQLite,Uses conditional logic to control custom sorting.,Sort important categories first instead of alphabetical order.,Useful when normal ASC or DESC order is not meaningful enough.,"I have ticket priorities, and I need urgent tickets to appear first.","SELECT ticket_id, priority FROM tickets ORDER BY CASE WHEN priority = 'urgent' THEN 0 ELSE 1 END, ticket_id;","CREATE TABLE tickets (ticket_id INTEGER, priority TEXT);\nINSERT INTO tickets VALUES (1, 'normal'), (2, 'urgent'), (3, 'low');\nSELECT ticket_id, priority FROM tickets ORDER BY CASE WHEN priority = 'urgent' THEN 0 ELSE 1 END, ticket_id;",2|urgent\n1|normal\n3|low
WITH ... AS (...),SQL,SQLite,Creates a temporary named result used by the main query.,Break a query into readable steps before selecting from it.,The CTE only exists for that one query.,"I have sales rows, and I want to calculate revenue first before filtering high-revenue rows.","WITH sales_calc AS (SELECT item, price * quantity AS revenue FROM sales) SELECT item, revenue FROM sales_calc WHERE revenue >= 100;","CREATE TABLE sales (item TEXT, price INTEGER, quantity INTEGER);\nINSERT INTO sales VALUES ('Desk', 50, 3), ('Pen', 2, 10);\nWITH sales_calc AS (SELECT item, price * quantity AS revenue FROM sales) SELECT item, revenue FROM sales_calc WHERE revenue >= 100;",Desk|150
WITH multiple CTEs,SQL,SQLite,Creates multiple temporary named results before the final query.,"Separate cleanup, aggregation, or formatting into clear query stages.",Separate CTEs with commas before the final SELECT.,"I have daily sales, and I need to summarize totals after creating a cleaned sales step.","WITH clean_sales AS (SELECT store, amount FROM sales WHERE amount > 0), store_totals AS (SELECT store, SUM(amount) AS total_amount FROM clean_sales GROUP BY store) SELECT store, total_amount FROM store_totals;","CREATE TABLE sales (store TEXT, amount INTEGER);\nINSERT INTO sales VALUES ('A', 100), ('A', 50), ('B', 0), ('B', 80);\nWITH clean_sales AS (SELECT store, amount FROM sales WHERE amount > 0), store_totals AS (SELECT store, SUM(amount) AS total_amount FROM clean_sales GROUP BY store) SELECT store, total_amount FROM store_totals;",A|150\nB|80
AS,SQL,SQLite,Gives a column or table expression an alias.,Rename calculated outputs so results are easier to read.,"Aliases can be used in ORDER BY and often in GROUP BY, but not reliably in WHERE.","I calculated revenue, and I need the output column name to say revenue.","SELECT item, price * quantity AS revenue FROM sales;","CREATE TABLE sales (item TEXT, price INTEGER, quantity INTEGER);\nINSERT INTO sales VALUES ('Notebook', 5, 4);\nSELECT item, price * quantity AS revenue FROM sales;",Notebook|20
GROUP BY,SQL,SQLite,Combines rows that share the same grouping value.,"Summarize records by category, month, store, or user.",Every selected non-aggregated column should usually appear in GROUP BY.,"I have orders by store, and I need total revenue per store.","SELECT store, SUM(revenue) AS total_revenue FROM orders GROUP BY store;","CREATE TABLE orders (store TEXT, revenue INTEGER);\nINSERT INTO orders VALUES ('A', 100), ('A', 80), ('B', 50);\nSELECT store, SUM(revenue) AS total_revenue FROM orders GROUP BY store;",A|180\nB|50
HAVING,SQL,SQLite,Filters grouped results after aggregation.,Keep only groups that meet an aggregate condition.,Use WHERE before grouping and HAVING after grouping.,"I have orders by store, and I only want stores with total revenue at least 100.","SELECT store, SUM(revenue) AS total_revenue FROM orders GROUP BY store HAVING SUM(revenue) >= 100;","CREATE TABLE orders (store TEXT, revenue INTEGER);\nINSERT INTO orders VALUES ('A', 100), ('A', 80), ('B', 50);\nSELECT store, SUM(revenue) AS total_revenue FROM orders GROUP BY store HAVING SUM(revenue) >= 100;",A|180
WHERE,SQL,SQLite,Filters rows before grouping or aggregation.,Keep only rows that meet a condition.,WHERE cannot directly filter aggregate results like SUM().,"I have orders from multiple years, and I only want 2024 rows before summarizing.","SELECT store, revenue FROM orders WHERE order_year = 2024;","CREATE TABLE orders (store TEXT, revenue INTEGER, order_year INTEGER);\nINSERT INTO orders VALUES ('A', 100, 2024), ('B', 80, 2023);\nSELECT store, revenue FROM orders WHERE order_year = 2024;",A|100
ORDER BY,SQL,SQLite,Sorts query results by one or more expressions.,Rank or arrange rows in a readable order.,Default sort is ascending unless DESC is specified.,"I have product sales, and I need the highest revenue products first.","SELECT product, revenue FROM sales ORDER BY revenue DESC;","CREATE TABLE sales (product TEXT, revenue INTEGER);\nINSERT INTO sales VALUES ('Keyboard', 90), ('Laptop', 1200), ('Mouse', 40);\nSELECT product, revenue FROM sales ORDER BY revenue DESC;",Laptop|1200\nKeyboard|90\nMouse|40
LIMIT,SQL,SQLite,Restricts how many rows a query returns.,Preview data or return the top N rows after sorting.,Use ORDER BY with LIMIT when top rows need a meaningful order.,"I have sales rows sorted by revenue, and I only want the top 2.","SELECT product, revenue FROM sales ORDER BY revenue DESC LIMIT 2;","CREATE TABLE sales (product TEXT, revenue INTEGER);\nINSERT INTO sales VALUES ('Keyboard', 90), ('Laptop', 1200), ('Mouse', 40);\nSELECT product, revenue FROM sales ORDER BY revenue DESC LIMIT 2;",Laptop|1200\nKeyboard|90
CAST(... AS INTEGER),SQL,SQLite,Converts a value to an integer type.,Turn numeric text into numbers for calculation or sorting.,Invalid numeric text may convert to 0 in SQLite.,"I have month numbers stored as text, and I need to convert them to numbers for math.","SELECT month_text, CAST(month_text AS INTEGER) AS month_number FROM months;","CREATE TABLE months (month_text TEXT);\nINSERT INTO months VALUES ('01'), ('12');\nSELECT month_text, CAST(month_text AS INTEGER) AS month_number FROM months;",01|1\n12|12
UNION ALL,SQL,SQLite compound SELECT syntax,Combines rows from multiple SELECT statements and keeps duplicates.,Append similar result sets when duplicates are meaningful.,Each SELECT must return the same number of columns in the same order.,"I have online and store orders with the same columns, and I need one combined order list while keeping duplicate order amounts.","SELECT order_id, amount FROM online_orders UNION ALL SELECT order_id, amount FROM store_orders;","CREATE TABLE online_orders(order_id INTEGER, amount INTEGER); INSERT INTO online_orders VALUES (1, 20), (2, 30); CREATE TABLE store_orders(order_id INTEGER, amount INTEGER); INSERT INTO store_orders VALUES (3, 20), (4, 40);",1|20\n2|30\n3|20\n4|40
UNION,SQL,SQLite compound SELECT syntax,Combines rows from multiple SELECT statements and removes duplicate rows.,Create one unique list from similar result sets.,"Duplicate removal checks the full row, not just one column.","I have emails from customers and newsletter signups, and I need one unique email list.",SELECT email FROM customers UNION SELECT email FROM newsletter;,"CREATE TABLE customers(email TEXT); INSERT INTO customers VALUES ('a@test.com'), ('b@test.com'); CREATE TABLE newsletter(email TEXT); INSERT INTO newsletter VALUES ('b@test.com'), ('c@test.com');",a@test.com\nb@test.com\nc@test.com
INTERSECT,SQL,SQLite compound SELECT syntax,Returns only rows that appear in both SELECT results.,Find overlap between two similar result sets.,Rows must match exactly across all selected columns.,I need to find emails that appear in both the customer table and the newsletter table.,SELECT email FROM customers INTERSECT SELECT email FROM newsletter;,"CREATE TABLE customers(email TEXT); INSERT INTO customers VALUES ('a@test.com'), ('b@test.com'); CREATE TABLE newsletter(email TEXT); INSERT INTO newsletter VALUES ('b@test.com'), ('c@test.com');",b@test.com
EXCEPT,SQL,SQLite compound SELECT syntax,Returns rows from the first SELECT result that do not appear in the second SELECT result.,Find records in one result set but missing from another.,Order matters because A EXCEPT B is different from B EXCEPT A.,I need to find customers who are not subscribed to the newsletter.,SELECT email FROM customers EXCEPT SELECT email FROM newsletter;,"CREATE TABLE customers(email TEXT); INSERT INTO customers VALUES ('a@test.com'), ('b@test.com'); CREATE TABLE newsletter(email TEXT); INSERT INTO newsletter VALUES ('b@test.com'), ('c@test.com');",a@test.com
SELECT ... FROM ...,SQL,SQLite SELECT statement syntax,Chooses columns from a table and returns matching rows.,Retrieve specific columns instead of the whole table.,Use * only when you intentionally want every column.,I have an orders table and only need customer names and amounts.,"SELECT customer, amount FROM orders;","CREATE TABLE orders(customer TEXT, amount INTEGER); INSERT INTO orders VALUES ('Mia', 25), ('Noah', 40);",Mia|25\nNoah|40
WHERE,SQL,SQLite SELECT filtering syntax,Filters rows before results are returned.,Keep only rows that satisfy a condition.,WHERE runs before grouping and aggregation.,I have orders and only want rows where the amount is at least 30.,"SELECT customer, amount FROM orders WHERE amount >= 30;","CREATE TABLE orders(customer TEXT, amount INTEGER); INSERT INTO orders VALUES ('Mia', 25), ('Noah', 40);",Noah|40
ORDER BY,SQL,SQLite SELECT ordering syntax,Sorts the final result set by one or more expressions.,Display query results in a meaningful order.,Use ASC for ascending and DESC for descending.,I have orders and want the largest amounts first.,"SELECT customer, amount FROM orders ORDER BY amount DESC;","CREATE TABLE orders(customer TEXT, amount INTEGER); INSERT INTO orders VALUES ('Mia', 25), ('Noah', 40), ('Ava', 30);",Noah|40\nAva|30\nMia|25
LIMIT,SQL,SQLite SELECT limiting syntax,Restricts how many rows are returned.,Return only the top few rows after sorting or filtering.,LIMIT is commonly paired with ORDER BY for top-N queries.,I have orders and want only the two largest orders.,"SELECT customer, amount FROM orders ORDER BY amount DESC LIMIT 2;","CREATE TABLE orders(customer TEXT, amount INTEGER); INSERT INTO orders VALUES ('Mia', 25), ('Noah', 40), ('Ava', 30);",Noah|40\nAva|30
DISTINCT,SQL,SQLite SELECT modifier syntax,Removes duplicate rows from the selected result.,Get unique values or unique row combinations.,DISTINCT applies to the full selected row.,I have repeated departments and need each department listed once.,SELECT DISTINCT department FROM employees;,"CREATE TABLE employees(name TEXT, department TEXT); INSERT INTO employees VALUES ('Mia', 'Sales'), ('Noah', 'Sales'), ('Ava', 'IT');",Sales\nIT
GROUP BY,SQL,SQLite aggregation syntax,Groups rows that share the same values so aggregate results can be calculated per group.,Summarize rows by category.,Selected non-aggregated columns should be part of the grouping logic.,I have orders by customer and need each customer's total spending.,"SELECT customer, SUM(amount) FROM orders GROUP BY customer;","CREATE TABLE orders(customer TEXT, amount INTEGER); INSERT INTO orders VALUES ('Mia', 25), ('Mia', 15), ('Noah', 40);",Mia|40\nNoah|40
HAVING,SQL,SQLite aggregation filtering syntax,Filters groups after GROUP BY has created aggregate results.,Keep only groups that meet an aggregate condition.,Use WHERE for row-level filtering and HAVING for group-level filtering.,I need customers whose total order amount is at least 40.,"SELECT customer, SUM(amount) FROM orders GROUP BY customer HAVING SUM(amount) >= 40;","CREATE TABLE orders(customer TEXT, amount INTEGER); INSERT INTO orders VALUES ('Mia', 25), ('Mia', 15), ('Noah', 30);",Mia|40
INNER JOIN ... ON,SQL,SQLite JOIN syntax,Combines rows from two tables when the join condition matches.,Add related columns from another table.,Only matching rows from both tables are returned.,I have orders with customer IDs and need customer names attached.,"SELECT orders.order_id, customers.name FROM orders INNER JOIN customers ON orders.customer_id = customers.customer_id;","CREATE TABLE customers(customer_id INTEGER, name TEXT); INSERT INTO customers VALUES (1, 'Mia'), (2, 'Noah'); CREATE TABLE orders(order_id INTEGER, customer_id INTEGER); INSERT INTO orders VALUES (101, 1), (102, 3);",101|Mia
LEFT JOIN ... ON,SQL,SQLite JOIN syntax,Keeps all rows from the left table and adds matching rows from the right table when available.,Find records even when related details may be missing.,Unmatched right-table columns return NULL.,"I have customers and want to see their orders, including customers with no orders.","SELECT customers.name, orders.order_id FROM customers LEFT JOIN orders ON customers.customer_id = orders.customer_id;","CREATE TABLE customers(customer_id INTEGER, name TEXT); INSERT INTO customers VALUES (1, 'Mia'), (2, 'Noah'); CREATE TABLE orders(order_id INTEGER, customer_id INTEGER); INSERT INTO orders VALUES (101, 1);",Mia|101\nNoah|NULL
ON,SQL,SQLite JOIN condition syntax,Defines the condition used to match rows between joined tables.,Match related rows using key columns.,Incorrect ON conditions can multiply rows or match unrelated records.,"I need to join orders to customers using customer_id, not by customer name text.","SELECT orders.order_id, customers.name FROM orders JOIN customers ON orders.customer_id = customers.customer_id;","CREATE TABLE customers(customer_id INTEGER, name TEXT); INSERT INTO customers VALUES (1, 'Mia'); CREATE TABLE orders(order_id INTEGER, customer_id INTEGER); INSERT INTO orders VALUES (101, 1);",101|Mia
AS,SQL,SQLite alias syntax,"Gives a temporary name to a column, expression, or table in a query result.",Make output labels or table references easier to read.,The alias exists only for the query result.,I calculated total spending and want the output column named total_spent.,"SELECT customer, SUM(amount) AS total_spent FROM orders GROUP BY customer;","CREATE TABLE orders(customer TEXT, amount INTEGER); INSERT INTO orders VALUES ('Mia', 25), ('Mia', 15);",Mia|40
CASE WHEN ... THEN ... ELSE ... END,SQL,SQLite conditional expression syntax,Creates conditional values based on logical tests.,Label or categorize rows inside a query.,CASE returns one value per row or group depending on where it is used.,I need to label orders as large if the amount is at least 30 and small otherwise.,"SELECT customer, CASE WHEN amount >= 30 THEN 'large' ELSE 'small' END AS size_label FROM orders;","CREATE TABLE orders(customer TEXT, amount INTEGER); INSERT INTO orders VALUES ('Mia', 25), ('Noah', 40);",Mia|small\nNoah|large
IN,SQL,SQLite comparison syntax,Checks whether a value matches any value in a list or subquery.,Filter rows against multiple allowed values.,IN is cleaner than several OR comparisons.,I need orders only from Mia or Ava.,"SELECT customer, amount FROM orders WHERE customer IN ('Mia', 'Ava');","CREATE TABLE orders(customer TEXT, amount INTEGER); INSERT INTO orders VALUES ('Mia', 25), ('Noah', 40), ('Ava', 30);",Mia|25\nAva|30
BETWEEN ... AND ...,SQL,SQLite comparison syntax,Checks whether a value falls within an inclusive range.,Filter numeric or date-like values between two bounds.,BETWEEN includes both endpoints.,I need orders with amounts from 25 through 40.,"SELECT customer, amount FROM orders WHERE amount BETWEEN 25 AND 40;","CREATE TABLE orders(customer TEXT, amount INTEGER); INSERT INTO orders VALUES ('Mia', 25), ('Noah', 40), ('Ava', 50);",Mia|25\nNoah|40
LIKE,SQL,SQLite pattern matching syntax,Compares text to a pattern using wildcards.,"Filter text values by prefix, suffix, or contained characters.",% means any number of characters and _ means one character.,I need customer names that start with M.,SELECT name FROM customers WHERE name LIKE 'M%';,"CREATE TABLE customers(name TEXT); INSERT INTO customers VALUES ('Mia'), ('Noah'), ('Maya');",Mia\nMaya
IS NULL,SQL,SQLite NULL comparison syntax,Checks whether a value is NULL.,Find missing values in a table.,Use IS NULL instead of = NULL.,I need customers who do not have an email saved.,SELECT name FROM customers WHERE email IS NULL;,"CREATE TABLE customers(name TEXT, email TEXT); INSERT INTO customers VALUES ('Mia', NULL), ('Noah', 'noah@test.com');",Mia
IS NOT NULL,SQL,SQLite NULL comparison syntax,Checks whether a value is not NULL.,Keep only rows with present values.,Use IS NOT NULL instead of != NULL.,I need customers who have an email saved.,SELECT name FROM customers WHERE email IS NOT NULL;,"CREATE TABLE customers(name TEXT, email TEXT); INSERT INTO customers VALUES ('Mia', NULL), ('Noah', 'noah@test.com');",Noah
